日期,close
2019-04-12,0.1481
2019-04-19,0.15
2019-04-26,0.1456
2019-04-30,0.1528
2019-05-06,0.1142
2019-05-07,0.1262
2019-05-08,0.1262
2019-05-09,0.1091
2019-05-10,0.1332
2019-05-13,0.137
2019-05-14,0.1321
2019-05-15,0.1595
2019-05-16,0.1665
2019-05-17,0.1513
2019-05-20,0.1391
2019-05-21,0.1448
2019-05-22,0.1399
2019-05-23,0.1231
2019-05-24,0.1292
2019-05-27,0.1323
2019-05-28,0.1362
2019-05-29,0.1384
2019-05-30,0.1355
2019-05-31,0.1291
2019-06-03,0.1251
2019-06-04,0.113
2019-06-05,0.1128
2019-06-06,0.1074
2019-06-10,0.116
2019-06-11,0.1402
2019-06-12,0.1348
2019-06-13,0.1329
2019-06-14,0.1275
2019-06-17,0.1244
2019-06-18,0.1244
2019-06-19,0.1317
2019-06-20,0.1525
2019-06-21,0.1563
2019-06-24,0.1649
2019-06-25,0.1648
2019-06-26,0.1631
2019-06-27,0.181
2019-06-28,0.1828
2019-06-30,0.1826
2019-07-01,0.2069
2019-07-02,0.2103
2019-07-03,0.1993
2019-07-04,0.1887
2019-07-05,0.2026
2019-07-08,0.1927
2019-07-09,0.1964
2019-07-10,0.1978
2019-07-11,0.1919
2019-07-12,0.1989
2019-07-15,0.1942
2019-07-16,0.1884
2019-07-17,0.1856
2019-07-18,0.1781
2019-07-19,0.182
2019-07-22,0.182
2019-07-23,0.173
2019-07-24,0.1732
2019-07-25,0.1783
2019-07-26,0.1784
2019-07-29,0.1834
2019-07-30,0.1811
2019-07-31,0.1728
2019-08-01,0.1657
2019-08-02,0.1617
2019-08-05,0.1509
2019-08-06,0.1561
2019-08-07,0.152
2019-08-08,0.1617
2019-08-09,0.1548
2019-08-12,0.1681
2019-08-13,0.167
2019-08-14,0.1789
2019-08-15,0.1771
2019-08-16,0.1854
2019-08-19,0.1925
2019-08-20,0.1987
2019-08-21,0.194
2019-08-22,0.2045
2019-08-23,0.2051
2019-08-26,0.195
2019-08-27,0.2057
2019-08-28,0.2074
2019-08-29,0.2122
2019-08-30,0.2223
2019-09-02,0.2247
2019-09-03,0.2206
2019-09-04,0.2136
2019-09-05,0.2159
2019-09-06,0.2166
2019-09-09,0.2171
2019-09-10,0.2152
2019-09-11,0.1927
2019-09-12,0.2019
2019-09-16,0.1995
2019-09-17,0.1989
2019-09-18,0.2176
2019-09-19,0.219
2019-09-20,0.223
2019-09-23,0.2163
2019-09-24,0.2271
2019-09-25,0.2252
2019-09-26,0.2184
2019-09-27,0.2162
2019-09-30,0.2088
2019-10-08,0.2158
2019-10-09,0.2108
2019-10-10,0.2104
2019-10-11,0.2122
2019-10-14,0.2125
2019-10-15,0.2208
2019-10-16,0.2118
2019-10-17,0.2121
2019-10-18,0.2022
2019-10-21,0.2037
2019-10-22,0.2054
2019-10-23,0.1959
2019-10-24,0.1873
2019-10-25,0.1965
2019-10-28,0.2083
2019-10-29,0.2124
2019-10-30,0.2085
2019-10-31,0.2085
2019-11-01,0.2164
2019-11-04,0.2213
2019-11-05,0.2235
2019-11-06,0.219
2019-11-07,0.2234
2019-11-08,0.2264
2019-11-11,0.2207
2019-11-12,0.2241
2019-11-13,0.2309
2019-11-14,0.2367
2019-11-15,0.2349
2019-11-18,0.2368
2019-11-19,0.242
2019-11-20,0.2432
2019-11-21,0.2418
2019-11-22,0.2269
2019-11-25,0.2252
2019-11-26,0.2303
2019-11-27,0.2316
2019-11-28,0.2303
2019-11-29,0.2166
2019-12-02,0.2156
2019-12-03,0.2142
2019-12-04,0.2172
2019-12-05,0.2177
2019-12-06,0.2295
2019-12-09,0.2262
2019-12-10,0.226
2019-12-11,0.221
2019-12-12,0.2189
2019-12-13,0.2293
2019-12-16,0.2247
2019-12-17,0.2291
2019-12-18,0.2315
2019-12-19,0.227
2019-12-20,0.2252
2019-12-23,0.2196
2019-12-24,0.2231
2019-12-25,0.2165
2019-12-26,0.222
2019-12-27,0.2266
2019-12-30,0.2454
2019-12-31,0.2456
2020-01-02,0.2411
2020-01-03,0.2346
2020-01-06,0.2303
2020-01-07,0.2369
2020-01-08,0.2354
2020-01-09,0.2477
2020-01-10,0.2614
2020-01-13,0.2686
2020-01-14,0.259
2020-01-15,0.2627
2020-01-16,0.2644
2020-01-17,0.2665
2020-01-20,0.2631
2020-01-21,0.2465
2020-01-22,0.2488
2020-01-23,0.2275
2020-02-03,0.1757
2020-02-04,0.1732
2020-02-05,0.1786
2020-02-06,0.1843
2020-02-07,0.19
2020-02-10,0.193
2020-02-11,0.2046
2020-02-12,0.2062
2020-02-13,0.2015
2020-02-14,0.2
2020-02-17,0.2057
2020-02-18,0.2043
2020-02-19,0.2112
2020-02-20,0.2305
2020-02-21,0.2281
2020-02-24,0.2191
2020-02-25,0.2148
2020-02-26,0.2081
2020-02-27,0.2149
2020-02-28,0.1914
2020-03-02,0.2051
2020-03-03,0.2101
2020-03-04,0.2151
2020-03-05,0.2433
2020-03-06,0.2312
2020-03-09,0.2093
2020-03-10,0.2248
2020-03-11,0.223
2020-03-12,0.2098
2020-03-13,0.1997
2020-03-16,0.1781
2020-03-17,0.1674
2020-03-18,0.1541
2020-03-19,0.1377
2020-03-20,0.1527
2020-03-23,0.1379
2020-03-24,0.1592
2020-03-25,0.1742
2020-03-26,0.1752
2020-03-27,0.1867
2020-03-30,0.1796
2020-03-31,0.1878
2020-04-01,0.1834
2020-04-02,0.1893
2020-04-03,0.1874
2020-04-07,0.2012
2020-04-08,0.1997
2020-04-09,0.2054
2020-04-10,0.2105
2020-04-13,0.2101
2020-04-14,0.2168
2020-04-15,0.2138
2020-04-16,0.2094
2020-04-17,0.2154
2020-04-20,0.2209
2020-04-21,0.2087
2020-04-22,0.2244
2020-04-23,0.2256
2020-04-24,0.235
2020-04-27,0.2299
2020-04-28,0.245
2020-04-29,0.2382
2020-04-30,0.2417
2020-05-06,0.2481
2020-05-07,0.2554
2020-05-08,0.2619
2020-05-11,0.2645
2020-05-12,0.2673
2020-05-13,0.2857
2020-05-14,0.2864
2020-05-15,0.279
2020-05-18,0.2953
2020-05-19,0.3005
2020-05-20,0.2946
2020-05-21,0.2996
2020-05-22,0.2791
2020-05-25,0.2914
2020-05-26,0.3
2020-05-27,0.2964
2020-05-28,0.3034
2020-05-29,0.314
2020-06-01,0.3301
2020-06-02,0.3183
2020-06-03,0.3164
2020-06-04,0.3354
2020-06-05,0.342
2020-06-08,0.3434
2020-06-09,0.3495
2020-06-10,0.3533
2020-06-11,0.3402
2020-06-12,0.3435
2020-06-15,0.3282
2020-06-16,0.3427
2020-06-17,0.3346
2020-06-18,0.3356
2020-06-19,0.3556
2020-06-22,0.3537
2020-06-23,0.3787
2020-06-24,0.3765
2020-06-29,0.3814
2020-06-30,0.3998
2020-07-01,0.4395
2020-07-02,0.4558
2020-07-03,0.4439
2020-07-06,0.4618
2020-07-07,0.4866
2020-07-08,0.4873
2020-07-09,0.4998
2020-07-10,0.5127
2020-07-13,0.5524
2020-07-14,0.5565
2020-07-15,0.5783
2020-07-16,0.4912
2020-07-17,0.4941
2020-07-20,0.4854
2020-07-21,0.5057
2020-07-22,0.5197
2020-07-23,0.5228
2020-07-24,0.4792
2020-07-27,0.4863
2020-07-28,0.5092
2020-07-29,0.5161
2020-07-30,0.5215
2020-07-31,0.5215
2020-08-03,0.5254
2020-08-04,0.5203
2020-08-05,0.523
2020-08-06,0.5003
2020-08-07,0.489
2020-08-10,0.4903
2020-08-11,0.4956
2020-08-12,0.4792
2020-08-13,0.4857
2020-08-14,0.513
2020-08-17,0.5342
2020-08-18,0.5457
2020-08-19,0.5462
2020-08-20,0.5255
2020-08-21,0.5419
2020-08-24,0.5625
2020-08-25,0.5929
2020-08-26,0.5917
2020-08-27,0.6063
2020-08-28,0.6432
2020-08-31,0.6477
2020-09-01,0.6368
2020-09-02,0.6279
2020-09-03,0.6448
2020-09-04,0.6212
2020-09-07,0.5986
2020-09-08,0.5761
2020-09-09,0.555
2020-09-10,0.5677
2020-09-11,0.5953
2020-09-14,0.6087
2020-09-15,0.6089
2020-09-16,0.5947
2020-09-17,0.5717
2020-09-18,0.584
2020-09-21,0.5703
2020-09-22,0.5634
2020-09-23,0.5608
2020-09-24,0.5448
2020-09-25,0.5473
2020-09-28,0.5561
2020-09-29,0.5555
2020-09-30,0.5623
2020-10-09,0.5732
2020-10-12,0.6163
2020-10-13,0.6292
2020-10-14,0.6256
2020-10-15,0.626
2020-10-16,0.6143
2020-10-19,0.6041
2020-10-20,0.6339
2020-10-21,0.636
2020-10-22,0.6511
2020-10-23,0.632
2020-10-26,0.6202
2020-10-27,0.6313
2020-10-28,0.6646
2020-10-29,0.6907
2020-10-30,0.6574
2020-11-02,0.6712
2020-11-03,0.6809
2020-11-04,0.6861
2020-11-05,0.7096
2020-11-06,0.7004
2020-11-09,0.7167
2020-11-10,0.7431
2020-11-11,0.7463
2020-11-12,0.7731
2020-11-13,0.7292
2020-11-16,0.7711
2020-11-17,0.7551
2020-11-18,0.737
2020-11-19,0.7484
2020-11-20,0.7721
2020-11-23,0.7855
2020-11-24,0.79
2020-11-25,0.7455
2020-11-26,0.7512
2020-11-27,0.7563
2020-11-30,0.7275
2020-12-01,0.7357
2020-12-02,0.7328
2020-12-03,0.7445
2020-12-04,0.7854
2020-12-07,0.7904
2020-12-08,0.8082
2020-12-09,0.808
2020-12-10,0.819
2020-12-11,0.8267
2020-12-14,0.8589
2020-12-15,0.8526
2020-12-16,0.8806
2020-12-17,0.9049
2020-12-18,0.9058
2020-12-21,0.9139
2020-12-22,0.9388
2020-12-23,0.9304
2020-12-24,0.8999
2020-12-25,0.8966
2020-12-28,0.9528
2020-12-29,0.9388
2020-12-30,0.9696
2020-12-31,0.992
2021-01-04,1.0398
2021-01-05,1.1101
2021-01-06,1.1129
2021-01-07,1.1279
2021-01-08,1.0859
2021-01-11,1.0379
2021-01-12,1.081
2021-01-13,1.0637
2021-01-14,1.0141
2021-01-15,0.9751
2021-01-18,0.9564
2021-01-19,0.9344
2021-01-20,0.9474
2021-01-21,0.9821
2021-01-22,0.9769
2021-01-25,1.0547
2021-01-26,1.0229
2021-01-27,0.9836
2021-01-28,0.9639
2021-01-29,0.9866
2021-02-01,0.9841
2021-02-02,1.0411
2021-02-03,1.045
2021-02-04,1.0545
2021-02-05,1.0688
2021-02-08,1.0702
2021-02-09,1.1063
2021-02-10,1.1711
2021-02-18,1.1146
2021-02-19,1.1118
2021-02-22,0.9988
2021-02-23,0.9998
2021-02-24,0.9241
2021-02-25,0.9004
2021-02-26,0.867
2021-03-01,0.8734
2021-03-02,0.8401
2021-03-03,0.8676
2021-03-04,0.8067
2021-03-05,0.8197
2021-03-08,0.7395
2021-03-09,0.7083
2021-03-10,0.7418
2021-03-11,0.7829
2021-03-12,0.7818
2021-03-15,0.7305
2021-03-16,0.7589
2021-03-17,0.7752
2021-03-18,0.8104
2021-03-19,0.7802
2021-03-22,0.783
2021-03-23,0.7944
2021-03-24,0.7949
2021-03-25,0.7866
2021-03-26,0.8264
2021-03-29,0.852
2021-03-30,0.8569
2021-03-31,0.8388
2021-04-01,0.8671
2021-04-02,0.9214
2021-04-06,0.9045
2021-04-07,0.8539
2021-04-08,0.877
2021-04-09,0.8448
2021-04-12,0.8407
2021-04-13,0.8563
2021-04-14,0.8737
2021-04-15,0.8646
2021-04-16,0.8938
2021-04-19,0.9088
2021-04-20,0.9253
2021-04-21,0.9545
2021-04-22,0.9531
2021-04-23,0.9688
2021-04-26,0.9464
2021-04-27,0.9644
2021-04-28,0.995
2021-04-29,0.9954
2021-04-30,0.9831
2021-05-06,0.9422
2021-05-07,0.9216
2021-05-10,0.9021
2021-05-11,0.9454
2021-05-12,0.9658
2021-05-13,0.9731
2021-05-14,0.998
2021-05-17,1.0241
2021-05-18,1.0306
2021-05-19,1.0161
2021-05-20,1.046
2021-05-21,1.0473
2021-05-24,1.0838
2021-05-25,1.1301
2021-05-26,1.1161
2021-05-27,1.1255
2021-05-28,1.126
2021-05-31,1.1312
2021-06-01,1.1426
2021-06-02,1.1238
2021-06-03,1.1413
2021-06-04,1.1702
2021-06-07,1.2009
2021-06-08,1.1021
2021-06-09,1.1005
2021-06-10,1.1198
2021-06-11,1.0804
2021-06-15,1.0826
2021-06-16,1.0598
2021-06-17,1.0956
2021-06-18,1.0782
2021-06-21,1.0667
2021-06-22,1.0773
2021-06-23,1.0319
2021-06-24,1.0368
2021-06-25,1.0678
2021-06-28,1.0823
2021-06-29,1.0578
2021-06-30,1.0727
2021-07-01,1.0839
2021-07-02,1.0279
2021-07-05,1.0363
2021-07-06,1.0292
2021-07-07,1.0503
2021-07-08,1.0194
2021-07-09,0.977
2021-07-12,0.9867
2021-07-13,1.0201
2021-07-14,1.0264
2021-07-15,1.0656
2021-07-16,1.0456
2021-07-19,1.0575
2021-07-20,1.0627
2021-07-21,1.064
2021-07-22,1.0375
2021-07-23,1.001
2021-07-26,0.9028
2021-07-27,0.8484
2021-07-28,0.8631
2021-07-29,0.8492
2021-07-30,0.7743
2021-08-02,0.8367
2021-08-03,0.8484
2021-08-04,0.8304
2021-08-05,0.816
2021-08-06,0.8087
2021-08-09,0.8328
2021-08-10,0.9078
2021-08-11,0.8836
2021-08-12,0.8625
2021-08-13,0.8696
2021-08-16,0.874
2021-08-17,0.8179
2021-08-18,0.8308
2021-08-19,0.8088
2021-08-20,0.735
2021-08-23,0.7515
2021-08-24,0.7835
2021-08-25,0.8142
2021-08-26,0.7753
2021-08-27,0.7737
2021-08-30,0.7791
2021-08-31,0.7612
2021-09-01,0.7966
2021-09-02,0.7771
2021-09-03,0.787
2021-09-06,0.8246
2021-09-07,0.8318
2021-09-08,0.8081
2021-09-09,0.8071
2021-09-10,0.8282
2021-09-13,0.8134
2021-09-14,0.808
2021-09-15,0.7752
2021-09-16,0.7816
2021-09-17,0.8262
2021-09-22,0.7898
2021-09-23,0.7959
2021-09-24,0.824
2021-09-27,0.8987
2021-09-28,0.8788
2021-09-29,0.8716
2021-09-30,0.8808
2021-10-08,0.9148
2021-10-11,0.9086
2021-10-12,0.9113
2021-10-13,0.96
2021-10-14,0.9553
2021-10-15,0.945
2021-10-18,0.8579
2021-10-19,0.8843
2021-10-20,0.8906
2021-10-21,0.8947
2021-10-22,0.9083
2021-10-25,0.8994
2021-10-26,0.905
2021-10-27,0.8739
2021-10-28,0.8826
2021-10-29,0.8958
2021-11-01,0.8853
2021-11-02,0.8701
2021-11-03,0.8588
2021-11-04,0.9027
2021-11-05,0.905
2021-11-08,0.9014
2021-11-09,0.8888
2021-11-10,0.8649
2021-11-11,0.866
2021-11-12,0.8527
2021-11-15,0.8583
2021-11-16,0.9002
2021-11-17,0.892
2021-11-18,0.8929
2021-11-19,0.9094
2021-11-22,0.9162
2021-11-23,0.9181
2021-11-24,0.9495
2021-11-25,0.9437
2021-11-26,0.9382
2021-11-29,0.945
2021-11-30,0.9192
2021-12-01,0.9271
2021-12-02,0.9377
2021-12-03,0.9745
2021-12-06,0.9704
2021-12-07,0.9724
2021-12-08,1.0202
2021-12-09,1.0442
2021-12-10,1.0432
2021-12-13,1.0521
2021-12-14,1.0621
2021-12-15,1.043
2021-12-16,1.0236
2021-12-17,0.9874
2021-12-20,0.9888
2021-12-21,0.9821
2021-12-22,0.9872
2021-12-23,1.0153
2021-12-24,1.0251
2021-12-27,1.0113
2021-12-28,1.0268
2021-12-29,0.9625
2021-12-30,0.9725
2021-12-31,0.9571
2022-01-04,0.9526
2022-01-05,0.9442
2022-01-06,0.9314
2022-01-07,0.9113
2022-01-10,0.9065
2022-01-11,0.8938
2022-01-12,0.9007
2022-01-13,0.8709
2022-01-14,0.8649
2022-01-17,0.8684
2022-01-18,0.8828
2022-01-19,0.8733
2022-01-20,0.8887
2022-01-21,0.9008
2022-01-24,0.8942
2022-01-25,0.8721
2022-01-26,0.8803
2022-01-27,0.8686
2022-01-28,0.8438
2022-02-07,0.8424
2022-02-08,0.8227
2022-02-09,0.8574
2022-02-10,0.852
2022-02-11,0.8531
2022-02-14,0.8659
2022-02-15,0.8804
2022-02-16,0.886
2022-02-17,0.8815
2022-02-18,0.8879
2022-02-21,0.8864
2022-02-22,0.8679
2022-02-23,0.8753
2022-02-24,0.844
2022-02-25,0.8525
2022-02-28,0.855
2022-03-01,0.8786
2022-03-02,0.8685
2022-03-03,0.8417
2022-03-04,0.8312
2022-03-07,0.7937
2022-03-08,0.793
2022-03-09,0.7926
2022-03-10,0.8249
2022-03-11,0.8216
2022-03-14,0.7788
2022-03-15,0.7405
2022-03-16,0.7627
2022-03-17,0.7853
2022-03-18,0.7823
2022-03-21,0.7815
2022-03-22,0.7722
2022-03-23,0.7843
2022-03-24,0.7648
2022-03-25,0.7428
2022-03-28,0.7199
2022-03-29,0.713
2022-03-30,0.7418
2022-03-31,0.7372
2022-04-01,0.7561
2022-04-06,0.7473
2022-04-07,0.7469
2022-04-08,0.7432
2022-04-11,0.7111
2022-04-12,0.7542
2022-04-13,0.7538
2022-04-14,0.7911
2022-04-15,0.7842
2022-04-18,0.7817
2022-04-19,0.774
2022-04-20,0.7813
2022-04-21,0.7684
2022-04-22,0.7715
2022-04-25,0.7298
2022-04-26,0.7422
2022-04-27,0.7596
2022-04-28,0.7772
2022-04-29,0.7821
2022-05-05,0.7839
2022-05-06,0.7517
2022-05-09,0.7377
2022-05-10,0.7502
2022-05-11,0.762
2022-05-12,0.7697
2022-05-13,0.7672
2022-05-16,0.7621
2022-05-17,0.768
2022-05-18,0.7607
2022-05-19,0.753
2022-05-20,0.7843
2022-05-23,0.7736
2022-05-24,0.757
2022-05-25,0.755
2022-05-26,0.7575
2022-05-27,0.7596
2022-05-30,0.7876
2022-05-31,0.8129
2022-06-01,0.8086
2022-06-02,0.8021
2022-06-06,0.8134
2022-06-07,0.8268
2022-06-08,0.8412
2022-06-09,0.8264
2022-06-10,0.8374
2022-06-13,0.8206
2022-06-14,0.8298
2022-06-15,0.8406
2022-06-16,0.8378
2022-06-17,0.8579
2022-06-20,0.8746
2022-06-21,0.8708
2022-06-22,0.8587
2022-06-23,0.8662
2022-06-24,0.8805
2022-06-27,0.9016
2022-06-28,0.9066
2022-06-29,0.8976
2022-06-30,0.9328
2022-07-01,0.9254
2022-07-04,0.9209
2022-07-05,0.9139
2022-07-06,0.889
2022-07-07,0.8861
2022-07-08,0.892
2022-07-11,0.8721
2022-07-12,0.8645
2022-07-13,0.8693
2022-07-14,0.863
2022-07-15,0.8651
2022-07-18,0.8599
2022-07-19,0.8619
2022-07-20,0.8672
2022-07-21,0.8575
2022-07-22,0.854
2022-07-25,0.8625
2022-07-26,0.8713
2022-07-27,0.8564
2022-07-28,0.8521
2022-07-29,0.8264
2022-08-01,0.8393
2022-08-02,0.8259
2022-08-03,0.8233
2022-08-04,0.8394
2022-08-05,0.8431
2022-08-08,0.8378
2022-08-09,0.8377
2022-08-10,0.8258
2022-08-11,0.8395
2022-08-12,0.8486
2022-08-15,0.8403
2022-08-16,0.8348
2022-08-17,0.8414
2022-08-18,0.8272
2022-08-19,0.8246
2022-08-22,0.8272
2022-08-23,0.8142
2022-08-24,0.8082
2022-08-25,0.826
2022-08-26,0.8378
2022-08-29,0.8272
2022-08-30,0.8234
2022-08-31,0.8402
2022-09-01,0.8256
2022-09-02,0.8122
2022-09-05,0.7949
2022-09-06,0.7998
2022-09-07,0.7894
2022-09-08,0.7915
2022-09-09,0.8007
2022-09-13,0.8127
2022-09-14,0.8045
2022-09-15,0.8097
2022-09-16,0.7906
2022-09-19,0.8002
2022-09-20,0.813
2022-09-21,0.8038
2022-09-22,0.7918
2022-09-23,0.7961
2022-09-26,0.8086
2022-09-27,0.8368
2022-09-28,0.8308
2022-09-29,0.8279
2022-09-30,0.8246
2022-10-10,0.7804
2022-10-11,0.7818
2022-10-12,0.7767
2022-10-13,0.7647
2022-10-14,0.7825
2022-10-17,0.7709
2022-10-18,0.7658
2022-10-19,0.7417
2022-10-20,0.7487
2022-10-21,0.7378
2022-10-24,0.6943
2022-10-25,0.6932
2022-10-26,0.694
2022-10-27,0.663
2022-10-28,0.6581
2022-10-31,0.6499
2022-11-01,0.6943
2022-11-02,0.7102
2022-11-03,0.701
2022-11-04,0.7374
2022-11-07,0.7394
2022-11-08,0.7281
2022-11-09,0.7173
2022-11-10,0.7258
2022-11-11,0.7464
2022-11-14,0.7395
2022-11-15,0.7579
2022-11-16,0.7605
2022-11-17,0.7519
2022-11-18,0.7546
2022-11-21,0.7337
2022-11-22,0.737
2022-11-23,0.7328
2022-11-24,0.7241
2022-11-25,0.7233
2022-11-28,0.7242
2022-11-29,0.7568
2022-11-30,0.7542
2022-12-01,0.7798
2022-12-02,0.7798
2022-12-05,0.7939
2022-12-06,0.8178
2022-12-07,0.8176
2022-12-08,0.8213
2022-12-09,0.8479
2022-12-12,0.835
2022-12-13,0.8459
2022-12-14,0.8688
2022-12-15,0.8597
2022-12-16,0.8648
2022-12-19,0.8532
2022-12-20,0.8208
2022-12-21,0.8316
2022-12-22,0.8502
2022-12-23,0.8571
2022-12-26,0.8464
2022-12-27,0.859
2022-12-28,0.8556
2022-12-29,0.8461
2022-12-30,0.852
2022-12-31,0.852
2023-01-03,0.8369
2023-01-04,0.8391
2023-01-05,0.8793
2023-01-06,0.8783
2023-01-09,0.9016
2023-01-10,0.9062
2023-01-11,0.9004
2023-01-12,0.8938
2023-01-13,0.9199
2023-01-16,0.9382
2023-01-17,0.9245
2023-01-18,0.9168
2023-01-19,0.9132
2023-01-20,0.91
2023-01-30,0.9254
2023-01-31,0.8981
2023-02-01,0.9042
2023-02-02,0.9141
2023-02-03,0.9064
2023-02-06,0.8908
2023-02-07,0.8891
2023-02-08,0.8828
2023-02-09,0.9112
2023-02-10,0.916
2023-02-13,0.9496
2023-02-14,0.9445
2023-02-15,0.9448
2023-02-16,0.9512
2023-02-17,0.9405
2023-02-20,0.9589
2023-02-21,0.9465
2023-02-22,0.9444
2023-02-23,0.9349
2023-02-24,0.9205
2023-02-27,0.9312
2023-02-28,0.9314
2023-03-01,0.94
2023-03-02,0.9383
2023-03-03,0.932
2023-03-06,0.9308
2023-03-07,0.9146
2023-03-08,0.9077
2023-03-09,0.9011
2023-03-10,0.8879
2023-03-13,0.9054
2023-03-14,0.8956
2023-03-15,0.8834
2023-03-16,0.8831
2023-03-17,0.8686
2023-03-20,0.8587
2023-03-21,0.8843
2023-03-22,0.8817
2023-03-23,0.8927
2023-03-24,0.8936
2023-03-27,0.8848
2023-03-28,0.9027
2023-03-29,0.9116
2023-03-30,0.9222
2023-03-31,0.9199
2023-04-03,0.9155
2023-04-04,0.9248
2023-04-06,0.9052
2023-04-07,0.8983
2023-04-10,0.8865
2023-04-11,0.8677
2023-04-12,0.8459
2023-04-13,0.8546
2023-04-14,0.8428
2023-04-17,0.856
2023-04-18,0.8574
2023-04-19,0.8517
2023-04-20,0.8399
2023-04-21,0.8334
2023-04-24,0.8185
2023-04-25,0.8313
2023-04-26,0.8325
2023-04-27,0.8335
2023-04-28,0.8391
2023-05-04,0.8295
2023-05-05,0.8383
2023-05-08,0.8254
2023-05-09,0.8272
2023-05-10,0.8196
2023-05-11,0.8156
2023-05-12,0.8046
2023-05-15,0.8136
2023-05-16,0.8043
2023-05-17,0.7952
2023-05-18,0.791
2023-05-19,0.8038
2023-05-22,0.8251
2023-05-23,0.8106
2023-05-24,0.798
2023-05-25,0.7908
2023-05-26,0.7896
2023-05-29,0.7839
2023-05-30,0.7739
2023-05-31,0.7576
2023-06-01,0.7625
2023-06-02,0.7797
2023-06-05,0.7637
2023-06-06,0.7627
2023-06-07,0.7508
2023-06-08,0.7575
2023-06-09,0.7547
2023-06-12,0.7809
2023-06-13,0.7875
2023-06-14,0.8077
2023-06-15,0.822
2023-06-16,0.8294
2023-06-19,0.8095
2023-06-20,0.7986
2023-06-21,0.7889
2023-06-26,0.769
2023-06-27,0.7776
2023-06-28,0.779
2023-06-29,0.7659
2023-06-30,0.7623
2023-07-03,0.7843
2023-07-04,0.7887
2023-07-05,0.7745
2023-07-06,0.7662
2023-07-07,0.7628
2023-07-10,0.7688
2023-07-11,0.7694
2023-07-12,0.7704
2023-07-13,0.7986
2023-07-14,0.7957
2023-07-17,0.7852
2023-07-18,0.7813
2023-07-19,0.7784
2023-07-20,0.7783
2023-07-21,0.7945
2023-07-24,0.786
2023-07-25,0.825
2023-07-26,0.8242
2023-07-27,0.8337
2023-07-28,0.851
2023-07-31,0.8527
2023-08-01,0.8431
2023-08-02,0.8392
2023-08-03,0.8457
2023-08-04,0.8483
2023-08-07,0.836
2023-08-08,0.837
2023-08-09,0.837
2023-08-10,0.835
2023-08-11,0.8158
2023-08-14,0.8052
2023-08-15,0.8032
2023-08-16,0.8024
2023-08-17,0.8189
2023-08-18,0.8005
2023-08-21,0.7991
2023-08-22,0.7983
2023-08-23,0.7857
2023-08-24,0.8067
2023-08-25,0.8007
2023-08-28,0.7997
2023-08-29,0.8128
2023-08-30,0.8095
2023-08-31,0.8058
2023-09-01,0.8208
2023-09-04,0.846
2023-09-05,0.8366
2023-09-06,0.8349
2023-09-07,0.8235
2023-09-08,0.8183
2023-09-11,0.825
2023-09-12,0.8186
2023-09-13,0.8193
2023-09-14,0.8148
2023-09-15,0.8037
2023-09-18,0.8122
2023-09-19,0.8062
2023-09-20,0.8012
2023-09-21,0.7857
2023-09-22,0.8015
2023-09-25,0.7945
2023-09-26,0.7867
2023-09-27,0.7859
2023-09-28,0.7777
2023-10-09,0.7739
2023-10-10,0.7677
2023-10-11,0.7666
2023-10-12,0.7673
2023-10-13,0.752
2023-10-16,0.7405
2023-10-17,0.7403
2023-10-18,0.7373
2023-10-19,0.7143
2023-10-20,0.712
2023-10-23,0.7114
2023-10-24,0.7153
2023-10-25,0.7353
2023-10-26,0.7406
2023-10-27,0.7504
2023-10-30,0.7594
2023-10-31,0.7605
2023-11-01,0.7749
2023-11-02,0.7631
2023-11-03,0.771
2023-11-06,0.7716
2023-11-07,0.7666
2023-11-08,0.7652
2023-11-09,0.7644
2023-11-10,0.7549
2023-11-13,0.7484
2023-11-14,0.7491
2023-11-15,0.7548
2023-11-16,0.7474
2023-11-17,0.7432
2023-11-20,0.7455
2023-11-21,0.7566
2023-11-22,0.751
2023-11-23,0.75
2023-11-24,0.7481
2023-11-27,0.7363
2023-11-28,0.7344
2023-11-29,0.7333
2023-11-30,0.7385
2023-12-01,0.7281
2023-12-04,0.7171
2023-12-05,0.6995
2023-12-06,0.7024
2023-12-07,0.7002
2023-12-08,0.7022
2023-12-11,0.6924
2023-12-12,0.6988
2023-12-13,0.6743
2023-12-14,0.6621
2023-12-15,0.6651
2023-12-18,0.663
2023-12-19,0.6642
2023-12-20,0.6556
2023-12-21,0.6677
2023-12-22,0.6653
2023-12-25,0.6709
2023-12-26,0.667
2023-12-27,0.6662
2023-12-28,0.6944
2023-12-29,0.6927
2023-12-31,0.6927
2024-01-02,0.6723
2024-01-03,0.6695
2024-01-04,0.655
2024-01-05,0.6493
2024-01-08,0.6392
2024-01-09,0.6384
2024-01-10,0.6442
2024-01-11,0.6479
2024-01-12,0.6436
2024-01-15,0.638
2024-01-16,0.6395
2024-01-17,0.6191
2024-01-18,0.6314
2024-01-19,0.6342
2024-01-22,0.6201
2024-01-23,0.618
2024-01-24,0.6177
2024-01-25,0.6322
2024-01-26,0.6323
2024-01-29,0.6357
2024-01-30,0.6136
2024-01-31,0.6034
2024-02-01,0.6044
2024-02-02,0.5995
2024-02-05,0.6004
2024-02-06,0.6274
2024-02-07,0.6407
2024-02-08,0.6411
2024-02-19,0.6427
2024-02-20,0.6359
2024-02-21,0.6652
2024-02-22,0.6677
2024-02-23,0.6708
2024-02-26,0.6626
2024-02-27,0.6636
2024-02-28,0.655
2024-02-29,0.6699
2024-03-01,0.6714
2024-03-04,0.6644
2024-03-05,0.6711
2024-03-06,0.662
2024-03-07,0.6598
2024-03-08,0.6552
2024-03-11,0.6724
2024-03-12,0.7031
2024-03-13,0.7003
2024-03-14,0.6991
2024-03-15,0.7025
2024-03-18,0.7034
2024-03-19,0.7125
2024-03-20,0.7092
2024-03-21,0.7119
2024-03-22,0.697
2024-03-25,0.6891
2024-03-26,0.7009
2024-03-27,0.6904
2024-03-28,0.6914
2024-03-29,0.6906
2024-03-31,0.6906
2024-04-01,0.7097
2024-04-02,0.7062
2024-04-03,0.7052
2024-04-08,0.6778
2024-04-09,0.6782
2024-04-10,0.6682
2024-04-11,0.6681
2024-04-12,0.6574
2024-04-15,0.6792
2024-04-16,0.6663
2024-04-17,0.6685
2024-04-18,0.6693
2024-04-19,0.6598
2024-04-22,0.6736
2024-04-23,0.682
2024-04-24,0.6836
2024-04-25,0.6805
2024-04-26,0.6941
2024-04-29,0.7
2024-04-30,0.6996
2024-05-06,0.7234
2024-05-07,0.7262
2024-05-08,0.7187
2024-05-09,0.7197
2024-05-10,0.7154
2024-05-13,0.7011
2024-05-14,0.7044
2024-05-15,0.7014
2024-05-16,0.7083
2024-05-17,0.7181
2024-05-20,0.7216
2024-05-21,0.7191
2024-05-22,0.7112
2024-05-23,0.7013
2024-05-24,0.6917
2024-05-27,0.6923
2024-05-28,0.6846
2024-05-29,0.6824
2024-05-30,0.6714
2024-05-31,0.6728
2024-06-03,0.6707
2024-06-04,0.6781
2024-06-05,0.6701
2024-06-06,0.663
2024-06-07,0.6555
2024-06-11,0.6409
2024-06-12,0.6402
2024-06-13,0.6308
2024-06-14,0.6347
2024-06-17,0.6343
2024-06-18,0.6251
2024-06-19,0.624
2024-06-20,0.6168
2024-06-21,0.6064
2024-06-24,0.6073
2024-06-25,0.6068
2024-06-26,0.6089
2024-06-27,0.6008
2024-06-28,0.5899
2024-06-30,0.5899
2024-07-01,0.5861
2024-07-02,0.5949
2024-07-03,0.5894
2024-07-04,0.5809
2024-07-05,0.5742
2024-07-08,0.5603
2024-07-09,0.5659
2024-07-10,0.5656
2024-07-11,0.5814
2024-07-12,0.5877
2024-07-15,0.5862
2024-07-16,0.5845
2024-07-17,0.5985
2024-07-18,0.5983
2024-07-19,0.6082
2024-07-22,0.5952
2024-07-23,0.5718
2024-07-24,0.5645
2024-07-25,0.5635
2024-07-26,0.5639
2024-07-29,0.5549
2024-07-30,0.5536
2024-07-31,0.5721
2024-08-01,0.5581
2024-08-02,0.5556
2024-08-05,0.5634
2024-08-06,0.567
2024-08-07,0.5718
2024-08-08,0.5808
2024-08-09,0.5776
2024-08-12,0.5745
2024-08-13,0.5676
2024-08-14,0.5607
2024-08-15,0.5629
2024-08-16,0.5598
2024-08-19,0.5572
2024-08-20,0.5506
2024-08-21,0.5466
2024-08-22,0.5374
2024-08-23,0.538
2024-08-26,0.5336
2024-08-27,0.5311
2024-08-28,0.5177
2024-08-29,0.5301
2024-08-30,0.5464
2024-09-02,0.5259
2024-09-03,0.5322
2024-09-04,0.5276
2024-09-05,0.5302
2024-09-06,0.5215
2024-09-09,0.5134
2024-09-10,0.5153
2024-09-11,0.5129
2024-09-12,0.5013
2024-09-13,0.4894
2024-09-18,0.4843
2024-09-19,0.4971
2024-09-20,0.4981
2024-09-23,0.5005
2024-09-24,0.5303
2024-09-25,0.5328
2024-09-26,0.5832
2024-09-27,0.6315
2024-09-30,0.6889
2024-10-08,0.7048
2024-10-09,0.6425
2024-10-10,0.6525
2024-10-11,0.6314
2024-10-14,0.6376
2024-10-15,0.6153
2024-10-16,0.6087
2024-10-17,0.5956
2024-10-18,0.6141
2024-10-21,0.6157
2024-10-22,0.6255
2024-10-23,0.6347
2024-10-24,0.6221
2024-10-25,0.627
2024-10-28,0.6437
2024-10-29,0.6273
2024-10-30,0.6173
2024-10-31,0.6142
2024-11-01,0.6221
2024-11-04,0.6306
2024-11-05,0.646
2024-11-06,0.6435
2024-11-07,0.6935
2024-11-08,0.6771
2024-11-11,0.6732
2024-11-12,0.6682
2024-11-13,0.6682
2024-11-14,0.6598
2024-11-15,0.6523
2024-11-18,0.643
2024-11-19,0.6409
2024-11-20,0.6448
2024-11-21,0.6429
2024-11-22,0.6205
2024-11-25,0.6209
2024-11-26,0.6251
2024-11-27,0.6345
2024-11-28,0.6283
2024-11-29,0.6372
2024-12-02,0.6403
2024-12-03,0.6385
2024-12-04,0.6324
2024-12-05,0.6303
2024-12-06,0.6352
2024-12-09,0.6344
2024-12-10,0.6466
2024-12-11,0.652
2024-12-12,0.668
2024-12-13,0.6472
2024-12-16,0.635
2024-12-17,0.6359
2024-12-18,0.634
2024-12-19,0.6241
2024-12-20,0.6258
2024-12-23,0.6188
2024-12-24,0.6244
2024-12-25,0.621
2024-12-26,0.6208
2024-12-27,0.622
2024-12-30,0.6168
2024-12-31,0.6158
2025-01-02,0.6002
2025-01-03,0.5923
2025-01-06,0.5759
2025-01-07,0.5781
2025-01-08,0.5754
2025-01-09,0.5768
2025-01-10,0.5667
2025-01-13,0.5715
2025-01-14,0.5868
2025-01-15,0.5845
2025-01-16,0.5809
2025-01-17,0.5851
2025-01-20,0.5908
2025-01-21,0.5843
2025-01-22,0.5737
2025-01-23,0.5747
2025-01-24,0.5731
2025-01-27,0.5708
2025-02-05,0.5604
2025-02-06,0.5635
2025-02-07,0.5705
2025-02-10,0.5715
2025-02-11,0.5656
2025-02-12,0.5731
2025-02-13,0.5903
2025-02-14,0.5885
2025-02-17,0.5902
2025-02-18,0.5842
2025-02-19,0.5877
2025-02-20,0.5859
2025-02-21,0.589
2025-02-24,0.5957
2025-02-25,0.5847
2025-02-26,0.5913
2025-02-27,0.605
2025-02-28,0.6041
2025-03-03,0.598
2025-03-04,0.5916
2025-03-05,0.5916
2025-03-06,0.602
2025-03-07,0.6126
2025-03-10,0.6125
2025-03-11,0.6295
2025-03-12,0.6232
2025-03-13,0.6224
2025-03-14,0.652
2025-03-17,0.6515
2025-03-18,0.6469
2025-03-19,0.6422
2025-03-20,0.6305
2025-03-21,0.6229
2025-03-24,0.6237
2025-03-25,0.6232
2025-03-26,0.6225
2025-03-27,0.6285
2025-03-28,0.6231
2025-03-31,0.6145
2025-04-01,0.6167
2025-04-02,0.6152
2025-04-03,0.6239
2025-04-07,0.5972
2025-04-08,0.6135
2025-04-09,0.6233
2025-04-10,0.6252
2025-04-11,0.6184
2025-04-14,0.6122
2025-04-15,0.6133
2025-04-16,0.6148
2025-04-17,0.6198
2025-04-18,0.6147
2025-04-21,0.608
2025-04-22,0.6073
2025-04-23,0.6047
2025-04-24,0.6016
2025-04-25,0.6024
2025-04-28,0.6023
2025-04-29,0.5948
2025-04-30,0.5939
2025-05-06,0.5972
2025-05-07,0.5988
2025-05-08,0.6032
2025-05-09,0.6029
2025-05-12,0.6055
2025-05-13,0.6036
2025-05-14,0.6134
2025-05-15,0.6071
2025-05-16,0.5996
2025-05-19,0.5925
2025-05-20,0.5932
2025-05-21,0.5938
2025-05-22,0.5912
2025-05-23,0.5871
2025-05-26,0.5824
2025-05-27,0.5849
2025-05-28,0.5869
2025-05-29,0.5869
2025-05-30,0.5797
2025-06-03,0.5765
2025-06-04,0.5778
2025-06-05,0.5779
2025-06-06,0.5765
2025-06-09,0.5735
2025-06-10,0.5681
2025-06-11,0.5694
2025-06-12,0.5604
2025-06-13,0.5452
2025-06-16,0.546
2025-06-17,0.5467
2025-06-18,0.55
2025-06-19,0.5468
2025-06-20,0.5571
2025-06-23,0.5504
2025-06-24,0.555
2025-06-25,0.5561
2025-06-26,0.5559
2025-06-27,0.5515
2025-06-30,0.5553
2025-07-01,0.5523
2025-07-02,0.5542
2025-07-03,0.5553
2025-07-04,0.5558
2025-07-07,0.554
2025-07-08,0.5588
2025-07-09,0.5616
2025-07-10,0.5653
2025-07-11,0.5683
2025-07-14,0.5695
2025-07-15,0.5621
2025-07-16,0.5665
2025-07-17,0.5674
2025-07-18,0.5758
2025-07-21,0.5747
2025-07-22,0.5908
2025-07-23,0.5875
2025-07-24,0.5907
2025-07-25,0.5803
2025-07-28,0.5782
2025-07-29,0.5766
2025-07-30,0.5808
2025-07-31,0.567
2025-08-01,0.5671
2025-08-04,0.5678
2025-08-05,0.5741
2025-08-06,0.5746
2025-08-07,0.5755
2025-08-08,0.5727
2025-08-11,0.5837
2025-08-12,0.5816
2025-08-13,0.5809
2025-08-14,0.5801
2025-08-15,0.5809
2025-08-18,0.5838
2025-08-19,0.594
2025-08-20,0.6078
2025-08-21,0.6032
2025-08-22,0.6074
2025-08-25,0.6299
2025-08-26,0.6312
2025-08-27,0.6118
2025-08-28,0.6084
2025-08-29,0.6235
2025-09-01,0.6218
2025-09-02,0.62
2025-09-03,0.6126
2025-09-04,0.6105
2025-09-05,0.6145
2025-09-08,0.624
2025-09-09,0.624
2025-09-10,0.6237
2025-09-11,0.6277
2025-09-12,0.6205
2025-09-15,0.6189
2025-09-16,0.6189
2025-09-17,0.6139
2025-09-18,0.6031
2025-09-19,0.6049
2025-09-22,0.5967
2025-09-23,0.5926
2025-09-24,0.5933
2025-09-25,0.5878
2025-09-26,0.5846
2025-09-29,0.5942
2025-09-30,0.5896
2025-10-09,0.5841
2025-10-10,0.5827
2025-10-13,0.5771
2025-10-14,0.5921
2025-10-15,0.5968
2025-10-16,0.6041
2025-10-17,0.5946
2025-10-20,0.5918
2025-10-21,0.5911
2025-10-22,0.589
2025-10-23,0.5926
2025-10-24,0.5817
2025-10-27,0.5815
2025-10-28,0.5818
2025-10-29,0.5779
2025-10-30,0.5793
2025-10-31,0.5873
2025-11-03,0.5888
2025-11-04,0.5819
2025-11-05,0.5791
2025-11-06,0.5785
2025-11-07,0.577
2025-11-10,0.6032
2025-11-11,0.603
2025-11-12,0.6026
2025-11-13,0.607
2025-11-14,0.5982
2025-11-17,0.5983
2025-11-18,0.5962
2025-11-19,0.5915
2025-11-20,0.5903
2025-11-21,0.5839
2025-11-24,0.5814
2025-11-25,0.5815
2025-11-26,0.5822
2025-11-27,0.5827
2025-11-28,0.583
2025-12-01,0.5832
2025-12-02,0.5774
2025-12-03,0.5709
2025-12-04,0.5608
2025-12-05,0.5634
2025-12-08,0.5577
2025-12-09,0.5495
2025-12-10,0.553
2025-12-11,0.5494
2025-12-12,0.5517
2025-12-15,0.5546
2025-12-16,0.554
2025-12-17,0.5531
2025-12-18,0.5512
2025-12-19,0.5546
2025-12-22,0.5534
2025-12-23,0.5498
2025-12-24,0.5478
2025-12-25,0.5542
2025-12-26,0.5502
2025-12-29,0.5433
2025-12-30,0.5407
2025-12-31,0.536
2026-01-05,0.5463
2026-01-06,0.5501
2026-01-07,0.5472
2026-01-08,0.5453
2026-01-09,0.5472
2026-01-12,0.5537
2026-01-13,0.5482
2026-01-14,0.5447
2026-01-15,0.5398
2026-01-16,0.536
2026-01-19,0.5352
2026-01-20,0.5397
2026-01-21,0.5296
2026-01-22,0.5281
2026-01-23,0.5271
2026-01-26,0.5224
2026-01-27,0.5154
2026-01-28,0.5155
2026-01-29,0.5613
2026-01-30,0.5397
2026-02-02,0.549
2026-02-03,0.5512
2026-02-04,0.5626
2026-02-05,0.5656
2026-02-06,0.5537
2026-02-09,0.5539
2026-02-10,0.5453
2026-02-11,0.5442
2026-02-12,0.5355
2026-02-13,0.535
2026-02-24,0.5288
2026-02-25,0.5319
2026-02-26,0.5248
2026-02-27,0.5244
2026-03-02,0.5149
2026-03-03,0.5141
2026-03-04,0.502
2026-03-05,0.5025
2026-03-06,0.5099
2026-03-09,0.5052
2026-03-10,0.5069
2026-03-11,0.5064
2026-03-12,0.5062
2026-03-13,0.5117
2026-03-16,0.5187
2026-03-17,0.5183
2026-03-18,0.5123
2026-03-19,0.5045
2026-03-20,0.5003
2026-03-23,0.4838
2026-03-24,0.4894
2026-03-25,0.4924
2026-03-26,0.4857
2026-03-27,0.4919
2026-03-30,0.4934
2026-03-31,0.492
2026-04-01,0.4984
2026-04-02,0.5001
2026-04-03,0.4932
2026-04-07,0.4911
2026-04-08,0.4989
2026-04-09,0.4904
2026-04-10,0.491
2026-04-13,0.4885
2026-04-14,0.4911
2026-04-15,0.4927
2026-04-16,0.4935
2026-04-17,0.4848
2026-04-20,0.4846
2026-04-21,0.4824
2026-04-22,0.4815
2026-04-23,0.49
2026-04-24,0.4914
2026-04-27,0.4823
2026-04-28,0.4827
2026-04-29,0.4881
2026-04-30,0.4844
2026-05-06,0.4771
2026-05-07,0.4781
2026-05-08,0.4764
2026-05-11,0.4757
2026-05-12,0.4687
2026-05-13,0.4627
2026-05-14,0.4655
2026-05-15,0.4554
2026-05-18,0.4515
2026-05-19,0.4528
2026-05-20,0.4554
2026-05-21,0.4534
2026-05-22,0.4438
2026-05-25,0.4482
2026-05-26,0.4446
2026-05-27,0.4535
2026-05-28,0.4425
2026-05-29,0.4574
2026-06-01,0.4556
2026-06-02,0.4485
2026-06-03,0.4423
2026-06-04,0.4328
2026-06-05,0.4333
2026-06-08,0.4257
2026-06-09,0.4202
2026-06-10,0.4266
2026-06-11,0.425
2026-06-12,0.4275
2026-06-15,0.426
2026-06-16,0.4185
2026-06-17,0.4137
2026-06-18,0.4035
2026-06-22,0.4069
2026-06-23,0.3991
2026-06-24,0.3903
2026-06-25,0.3964
2026-06-26,0.3873
2026-06-29,0.3945
